City_ID,City,Country,Date,Lat,Lng,Max Temp,Humidity,Cloudiness,Wind Speed,Weather Description,Rainfall in. (last 3 hrs.),Snowfall in. (last 3 hrs.)
0,Mahon,IE,2019-11-08 01:24:16,51.89,-8.4,41.0,93,40,12.75,scattered clouds,0.0,0.0
1,Jamestown,AU,2019-11-08 01:24:16,-33.21,138.6,51.26,63,87,23.15,light rain,0.19,0.0
2,Carire,BR,2019-11-08 01:24:17,-3.95,-40.47,79.88,62,76,6.49,broken clouds,0.0,0.0
3,Rio Grande,BR,2019-11-08 01:21:39,-32.03,-52.1,66.38,88,0,7.05,clear sky,0.0,0.0
4,Ushuaia,AR,2019-11-08 01:20:42,-54.81,-68.31,37.4,74,75,20.8,shower rain,0.0,0.0
5,Vaini,IN,2019-11-08 01:24:17,15.34,74.49,62.6,93,37,1.66,scattered clouds,0.0,0.0
6,Victoria,BN,2019-11-08 01:24:07,5.28,115.24,82.4,83,75,4.7,broken clouds,0.0,0.0
7,Kruisfontein,ZA,2019-11-08 01:24:18,-34.0,24.73,57.69,84,40,19.04,light rain,0.31,0.0
8,Hermanus,ZA,2019-11-08 01:24:18,-34.42,19.24,60.98,77,19,6.13,light rain,0.13,0.0
9,Cape Town,ZA,2019-11-08 01:22:02,-33.93,18.42,59.0,77,20,10.29,few clouds,0.0,0.0
10,Hilo,US,2019-11-08 01:24:00,19.71,-155.08,84.2,62,1,8.05,clear sky,0.0,0.0
11,Ancud,CL,2019-11-08 01:24:19,-41.87,-73.83,48.07,73,33,4.97,scattered clouds,0.0,0.0
12,Rikitea,PF,2019-11-08 01:24:19,-23.12,-134.97,75.27,86,10,13.94,light rain,0.31,0.0
13,Hailar,CN,2019-11-08 01:24:02,49.2,119.7,20.84,60,0,4.32,clear sky,0.0,0.0
14,Chuy,UY,2019-11-08 01:24:19,-33.69,-53.46,65.8,74,0,4.38,clear sky,0.0,0.0
15,Goderich,CA,2019-11-08 01:24:20,43.74,-81.71,27.77,95,64,7.78,light snow,0.0,1.19
16,Yellowknife,CA,2019-11-08 01:24:20,62.45,-114.38,14.0,85,75,11.41,light snow,0.0,0.0
17,Port Hedland,AU,2019-11-08 01:24:21,-20.31,118.58,102.2,9,9,11.41,clear sky,0.0,0.0
18,Hobart,AU,2019-11-08 01:24:21,-42.88,147.33,48.2,66,75,23.04,light intensity shower rain,0.0,0.0
19,Kodiak,US,2019-11-08 01:24:22,39.95,-94.76,28.4,63,1,3.18,clear sky,0.0,0.0
20,Albany,US,2019-11-08 01:24:22,42.65,-73.75,37.4,74,90,10.29,light rain,0.0,0.0
21,Longyearbyen,NO,2019-11-08 01:24:23,78.22,15.63,12.2,66,97,3.49,overcast clouds,0.0,0.0
22,Lorengau,PG,2019-11-08 01:24:24,-2.02,147.27,80.74,80,100,12.1,overcast clouds,0.0,0.0
23,Sidi Ali,DZ,2019-11-08 01:24:24,36.1,0.42,60.91,81,59,17.67,light rain,1.19,0.0
24,Sukumo,JP,2019-11-08 01:24:24,32.94,132.72,61.5,62,18,4.03,few clouds,0.0,0.0
25,Nanortalik,GL,2019-11-08 01:24:24,60.14,-45.24,33.6,71,100,11.54,light snow,0.0,0.31
26,Johnstown,US,2019-11-08 01:24:24,40.33,-78.92,37.4,97,90,8.05,light rain,0.0,0.0
27,Qaanaaq,GL,2019-11-08 01:24:25,77.48,-69.36,-1.79,70,15,6.89,few clouds,0.0,0.0
28,Palmer,AU,2019-11-08 01:24:25,-34.85,139.16,60.8,41,40,24.16,scattered clouds,0.0,0.0
29,Nelson Bay,AU,2019-11-08 01:24:25,-32.72,152.14,86.0,19,0,27.51,clear sky,0.0,0.0
30,Queanbeyan,AU,2019-11-08 01:24:26,-35.35,149.23,64.4,42,40,23.04,scattered clouds,0.0,0.0
31,Airai,TL,2019-11-08 01:24:26,-8.93,125.41,80.4,39,0,6.55,clear sky,0.0,0.0
32,Nantucket,US,2019-11-08 01:24:26,41.28,-70.1,57.2,87,75,8.05,broken clouds,0.0,0.0
33,Pundaguitan,PH,2019-11-08 01:24:26,6.37,126.17,82.69,72,99,6.62,overcast clouds,0.0,0.0
34,Omsukchan,RU,2019-11-08 01:24:26,62.53,155.8,13.95,96,90,2.42,overcast clouds,0.0,0.0
35,Benguela,AO,2019-11-08 01:24:26,-12.58,13.4,77.18,86,100,2.89,overcast clouds,0.0,0.0
36,Tiksi,RU,2019-11-08 01:24:27,71.64,128.87,-6.06,97,99,5.12,light snow,0.0,0.19
37,Kapaa,US,2019-11-08 01:24:27,22.08,-159.32,82.4,61,90,11.41,overcast clouds,0.0,0.0
38,Thinadhoo,MV,2019-11-08 01:24:27,0.53,72.93,82.06,72,67,12.12,light rain,0.87,0.0
39,Bluff,AU,2019-11-08 01:24:27,-23.58,149.07,88.54,25,0,10.78,clear sky,0.0,0.0
40,Tuktoyaktuk,CA,2019-11-08 01:24:27,69.44,-133.03,14.0,72,90,19.46,light snow,0.0,0.0
41,Butaritari,KI,2019-11-08 01:24:28,3.07,172.79,84.31,69,28,8.01,scattered clouds,0.0,0.0
42,Zhezkazgan,KZ,2019-11-08 01:24:28,47.8,67.71,26.6,92,2,8.95,clear sky,0.0,0.0
43,Dali,CN,2019-11-08 01:24:28,34.79,109.94,49.32,74,0,8.97,clear sky,0.0,0.0
44,Kailua,US,2019-11-08 01:24:28,21.39,-157.74,84.2,74,90,8.05,overcast clouds,0.0,0.0
45,Omboue,GA,2019-11-08 01:24:29,-1.57,9.26,75.16,95,100,1.01,light rain,0.31,0.0
46,Constitucion,MX,2019-11-08 01:24:29,23.99,-104.67,71.6,40,75,4.7,broken clouds,0.0,0.0
47,Pergamino,AR,2019-11-08 01:24:29,-33.9,-60.57,69.3,56,0,10.67,clear sky,0.0,0.0
48,Hithadhoo,MV,2019-11-08 01:24:29,-0.6,73.08,82.0,70,0,8.39,clear sky,0.0,0.0
49,Zhigansk,RU,2019-11-08 01:24:29,66.77,123.37,-21.14,97,88,1.36,overcast clouds,0.0,0.0
50,Ambilobe,MG,2019-11-08 01:24:30,-13.19,49.05,77.7,69,87,10.78,overcast clouds,0.0,0.0
51,Kavieng,PG,2019-11-08 01:24:30,-2.57,150.8,84.07,73,100,9.24,light rain,1.63,0.0
52,Pevek,RU,2019-11-08 01:24:31,69.7,170.27,25.39,63,87,11.68,overcast clouds,0.0,0.0
53,Clyde River,CA,2019-11-08 01:24:31,70.47,-68.59,21.2,85,90,11.41,overcast clouds,0.0,0.0
54,Mataura,NZ,2019-11-08 01:20:33,-46.19,168.86,66.25,42,0,12.03,clear sky,0.0,0.0
55,Torbay,CA,2019-11-08 01:24:31,47.66,-52.73,37.4,74,40,16.11,scattered clouds,0.0,0.0
56,Praia,BR,2019-11-08 01:24:32,-20.25,-43.81,78.8,54,47,6.93,scattered clouds,0.0,0.0
57,Turiacu,BR,2019-11-08 01:24:32,-5.01,-63.0,75.76,92,95,2.33,overcast clouds,0.0,0.0
58,Gazli,UZ,2019-11-08 01:24:32,40.13,63.45,40.3,39,0,12.95,clear sky,0.0,0.0
59,Chiredzi,ZW,2019-11-08 01:24:33,-21.05,31.67,75.04,53,23,4.9,few clouds,0.0,0.0
60,Geraldton,CA,2019-11-08 01:24:33,49.72,-86.95,12.2,78,90,6.93,light snow,0.0,0.0
61,Tezu,IN,2019-11-08 01:24:33,27.93,96.16,66.6,48,83,2.55,broken clouds,0.0,0.0
62,Jiayuguan,CN,2019-11-08 01:24:06,39.77,98.29,33.01,66,49,3.0,scattered clouds,0.0,0.0
63,Okato,NZ,2019-11-08 01:24:34,-39.19,173.88,61.36,90,83,15.64,light rain,0.31,0.0
64,Matara,BI,2019-11-08 01:24:34,-3.48,29.48,58.66,81,92,3.15,overcast clouds,0.0,0.0
65,San Cristobal,HN,2019-11-08 01:24:34,14.68,-86.92,67.64,94,92,4.0,light rain,0.75,0.0
66,Te Anau,NZ,2019-11-08 01:24:34,-45.41,167.72,50.32,77,71,7.87,light rain,0.94,0.0
67,Ayan,IR,2019-11-08 01:24:34,38.23,44.7,32.99,47,0,0.76,clear sky,0.0,0.0
68,Lebu,ET,2019-11-08 01:24:35,8.96,38.73,55.4,62,40,3.36,scattered clouds,0.0,0.0
69,Mahebourg,MU,2019-11-08 01:24:35,-20.41,57.7,75.2,78,40,12.75,shower rain,0.0,0.0
70,Faanui,PF,2019-11-08 01:24:35,-16.48,-151.75,80.47,80,19,19.77,light rain,0.94,0.0
71,Chapais,CA,2019-11-08 01:24:36,49.78,-74.86,21.2,85,90,6.93,light snow,0.0,0.0
72,Severo-Kurilsk,RU,2019-11-08 01:24:36,50.68,156.12,37.17,89,100,16.64,snow,0.0,4.25
73,Kyaikkami,MM,2019-11-08 01:24:36,16.08,97.57,80.55,78,99,9.86,light rain,1.56,0.0
74,Sasaram,IN,2019-11-08 01:24:36,24.95,84.01,64.54,58,100,1.72,overcast clouds,0.0,0.0
75,Kibala,TD,2019-11-08 01:24:36,9.11,18.35,75.51,46,16,2.08,few clouds,0.0,0.0
76,Yumen,CN,2019-11-08 01:24:37,40.29,97.04,35.58,49,66,8.01,broken clouds,0.0,0.0
77,Santo Antonio Do Leverger,BR,2019-11-08 01:24:37,-15.87,-56.08,78.8,78,97,5.61,light rain,0.31,0.0
78,Burnie,AU,2019-11-08 01:24:37,-41.05,145.91,52.65,53,100,12.06,light rain,0.12,0.0
79,Atuona,PF,2019-11-08 01:24:37,-9.8,-139.03,80.55,78,0,13.22,light rain,0.31,0.0
80,Tasiilaq,GL,2019-11-08 01:24:37,65.61,-37.64,30.2,86,100,38.03,light snow,0.0,0.0
81,Boa Vista,BR,2019-11-08 01:24:37,2.82,-60.67,84.2,62,74,3.36,broken clouds,0.0,0.0
82,Dikson,RU,2019-11-08 01:24:38,73.51,80.55,-11.48,95,69,14.47,broken clouds,0.0,0.0
83,Rayadrug,IN,2019-11-08 01:24:38,14.7,76.87,74.23,79,95,4.21,light rain,1.0,0.0
84,Alofi,NU,2019-11-08 01:24:38,-19.06,-169.92,77.0,88,75,9.17,broken clouds,0.0,0.0
85,Saint-Philippe,CA,2019-11-08 01:24:38,45.36,-73.48,32.0,74,75,9.17,broken clouds,0.0,0.0
86,Abu Dhabi,AE,2019-11-08 01:21:01,24.47,54.37,77.0,83,83,1.12,broken clouds,0.0,0.0
87,Kloulklubed,PW,2019-11-08 01:24:39,7.04,134.26,84.2,79,90,6.93,overcast clouds,0.0,0.0
88,San Patricio,PY,2019-11-08 01:24:40,-26.98,-56.83,73.26,91,1,5.14,clear sky,0.0,0.0
89,Flinders,AU,2019-11-08 01:24:40,-34.58,150.85,77.0,22,0,25.28,clear sky,0.0,0.0
90,Bosaso,SO,2019-11-08 01:24:40,11.28,49.18,82.02,70,1,1.97,clear sky,0.0,0.0
91,Fairbanks,US,2019-11-08 01:22:44,64.84,-147.72,24.8,92,90,3.36,mist,0.0,0.0
92,Puerto Ayora,EC,2019-11-08 01:24:41,-0.74,-90.35,73.4,73,20,13.87,few clouds,0.0,0.0
93,Itaituba,BR,2019-11-08 01:24:41,-4.26,-55.99,80.02,73,43,2.21,light rain,0.13,0.0
94,Bridlington,GB,2019-11-08 01:24:42,54.08,-0.19,48.2,93,100,18.34,moderate rain,0.0,0.0
95,Inuvik,CA,2019-11-08 01:24:42,68.36,-133.71,17.6,85,90,4.7,light snow,0.0,0.0
96,Dingzhou,CN,2019-11-08 01:24:42,38.51,115.0,44.6,100,0,2.46,mist,0.0,0.0
97,The Valley,AI,2019-11-08 01:24:42,18.22,-63.06,82.4,74,20,10.29,few clouds,0.0,0.0
98,Cayenne,GF,2019-11-08 01:24:42,4.94,-52.33,77.0,94,75,2.24,broken clouds,0.0,0.0
99,Mar Del Plata,AR,2019-11-08 01:24:43,-46.43,-67.52,57.74,28,90,19.53,overcast clouds,0.0,0.0
100,Tuim,RU,2019-11-08 01:24:43,54.34,89.93,31.28,49,66,12.3,broken clouds,0.0,0.0
101,Homer,US,2019-11-08 01:24:43,59.64,-151.54,48.2,93,90,3.36,light rain,0.0,0.0
102,Nikolskoye,RU,2019-11-08 01:24:43,59.7,30.79,24.8,92,75,8.95,broken clouds,0.0,0.0
103,Okaya,JP,2019-11-08 01:24:44,36.08,138.05,46.4,65,75,6.93,broken clouds,0.0,0.0
104,Zhanaozen,KZ,2019-11-08 01:24:44,43.35,52.85,44.15,32,0,9.06,clear sky,0.0,0.0
105,New Norfolk,AU,2019-11-08 01:24:44,-42.78,147.06,48.2,66,75,23.04,light intensity shower rain,0.0,0.0
106,Provideniya,RU,2019-11-08 01:24:44,64.42,-173.23,32.0,84,68,20.13,broken clouds,0.0,0.0
107,Mareeba,AU,2019-11-08 01:24:45,-16.99,145.42,82.4,54,14,8.05,few clouds,0.0,0.0
108,Ahipara,NZ,2019-11-08 01:24:45,-35.17,173.16,67.28,80,0,14.07,clear sky,0.0,0.0
109,Lamu,CN,2019-11-08 01:24:45,35.77,102.37,28.81,71,0,2.51,clear sky,0.0,0.0
110,Khatanga,RU,2019-11-08 01:24:45,71.98,102.47,-11.46,85,0,10.29,clear sky,0.0,0.0
111,Tuatapere,NZ,2019-11-08 01:24:45,-46.13,167.69,57.74,53,12,9.26,light rain,0.37,0.0
112,Evensk,RU,2019-11-08 01:24:46,61.92,159.24,27.95,82,100,8.21,overcast clouds,0.0,0.0
113,Ampanihy,MG,2019-11-08 01:24:46,-24.69,44.75,74.41,54,0,8.05,clear sky,0.0,0.0
114,Guerrero Negro,MX,2019-11-08 01:24:46,27.97,-114.04,71.02,61,100,7.18,overcast clouds,0.0,0.0
115,Fort Nelson,CA,2019-11-08 01:24:47,58.81,-122.69,23.0,85,90,3.36,light snow,0.0,0.0
116,Luxor,EG,2019-11-08 01:24:47,25.7,32.65,66.2,68,0,6.13,clear sky,0.0,0.0
117,Thompson,CA,2019-11-08 01:24:47,55.74,-97.86,6.8,92,75,4.54,broken clouds,0.0,0.0
118,Abu Samrah,SY,2019-11-08 01:24:47,35.3,37.18,63.45,47,0,4.56,clear sky,0.0,0.0
119,Arraial Do Cabo,BR,2019-11-08 01:24:47,-22.97,-42.02,73.4,83,75,6.93,broken clouds,0.0,0.0
120,Port Elizabeth,US,2019-11-08 01:24:48,39.31,-74.98,55.4,81,90,5.82,light rain,0.0,0.0
121,Pangnirtung,CA,2019-11-08 01:24:48,66.15,-65.72,16.12,66,49,4.9,scattered clouds,0.0,0.0
122,Vytegra,RU,2019-11-08 01:24:48,61.01,36.45,14.65,92,25,7.38,scattered clouds,0.0,0.0
123,Viedma,AR,2019-11-08 01:24:48,-40.81,-62.99,51.01,46,51,13.91,broken clouds,0.0,0.0
124,Fomboni,KM,2019-11-08 01:24:48,-12.28,43.74,80.24,85,67,11.01,broken clouds,0.0,0.0
125,Qandala,SO,2019-11-08 01:24:49,11.47,49.87,80.19,65,0,4.54,clear sky,0.0,0.0
126,Port Blair,IN,2019-11-08 01:24:49,11.67,92.75,78.8,94,75,2.24,mist,0.0,0.0
127,Vangaindrano,MG,2019-11-08 01:24:49,-23.35,47.6,68.32,92,31,5.23,scattered clouds,0.0,0.0
128,Mbuji-Mayi,CD,2019-11-08 01:24:50,-6.13,23.6,70.57,87,98,0.72,overcast clouds,0.0,0.0
129,Punta Arenas,CL,2019-11-08 01:24:50,-53.16,-70.91,39.34,75,76,12.93,light rain,0.31,0.0
130,Bredasdorp,ZA,2019-11-08 01:24:51,-34.53,20.04,50.0,87,0,5.82,clear sky,0.0,0.0
131,Houma,CN,2019-11-08 01:20:25,35.63,111.36,46.6,77,8,4.16,clear sky,0.0,0.0
132,Talnakh,RU,2019-11-08 01:24:51,69.49,88.39,-9.41,76,100,15.66,overcast clouds,0.0,0.0
133,Les Cayes,HT,2019-11-08 01:24:51,18.19,-73.75,83.75,74,0,10.18,clear sky,0.0,0.0
134,Narsaq,GL,2019-11-08 01:24:51,60.91,-46.05,42.8,30,100,26.4,overcast clouds,0.0,0.0
135,Misratah,LY,2019-11-08 01:24:52,32.38,15.09,69.8,61,47,11.56,light rain,0.13,0.0
136,Sakaiminato,JP,2019-11-08 01:24:52,35.55,133.23,62.6,48,20,16.11,few clouds,0.0,0.0
137,Busselton,AU,2019-11-08 01:24:52,-33.64,115.35,58.6,68,0,15.46,clear sky,0.0,0.0
138,Guadalupe Y Calvo,MX,2019-11-08 01:24:52,26.09,-106.96,58.26,87,99,1.77,light rain,2.13,0.0
139,Grindavik,IS,2019-11-08 01:24:53,63.84,-22.43,37.4,93,75,20.8,light intensity shower rain,0.0,0.0
140,Jijiga,ET,2019-11-08 01:24:53,9.35,42.8,60.12,68,13,2.42,few clouds,0.0,0.0
141,Hanting,CN,2019-11-08 01:24:53,30.92,118.55,55.58,79,0,8.25,clear sky,0.0,0.0
142,Banfora,BF,2019-11-08 01:24:53,10.64,-4.75,78.22,59,0,2.64,clear sky,0.0,0.0
143,Touros,BR,2019-11-08 01:24:54,-5.2,-35.46,78.8,74,20,9.17,few clouds,0.0,0.0
144,Ust-Koksa,RU,2019-11-08 01:24:54,50.27,85.62,8.64,92,34,8.48,scattered clouds,0.0,0.0
145,Warri,NG,2019-11-08 01:24:54,5.52,5.75,76.03,96,81,2.64,broken clouds,0.0,0.0
146,Ixtapa,MX,2019-11-08 01:24:54,20.71,-105.21,86.0,74,90,2.57,overcast clouds,0.0,0.0
147,Terra Santa,BR,2019-11-08 01:24:55,-2.1,-56.49,84.7,50,43,1.25,scattered clouds,0.0,0.0
148,New Bedford,US,2019-11-08 01:24:55,41.64,-70.93,57.2,87,90,6.93,moderate rain,0.0,0.0
149,Puri,ID,2019-11-08 01:24:55,-7.54,112.45,81.16,68,48,1.97,scattered clouds,0.0,0.0
150,Ostrovnoy,RU,2019-11-08 01:24:55,68.05,39.51,15.98,95,97,8.1,overcast clouds,0.0,0.0
151,Skjervoy,NO,2019-11-08 01:24:56,70.03,20.97,25.95,66,0,11.48,clear sky,0.0,0.0
152,Ketchikan,US,2019-11-08 01:24:56,55.34,-131.65,51.8,81,90,13.87,moderate rain,0.0,0.0
153,Manavalakurichi,IN,2019-11-08 01:24:56,8.13,77.3,78.8,94,20,2.24,mist,0.0,0.0
154,Bethel,US,2019-11-08 01:22:51,60.79,-161.76,30.2,92,90,16.11,light rain,0.0,0.0
155,Iqaluit,CA,2019-11-08 01:24:56,63.75,-68.52,15.8,78,90,16.11,overcast clouds,0.0,0.0
156,Chamlykskaya,RU,2019-11-08 01:24:57,44.72,40.87,53.89,41,80,7.83,broken clouds,0.0,0.0
157,Banepa,NP,2019-11-08 01:24:57,27.63,85.52,55.4,100,40,2.71,mist,0.0,0.0
158,Avarua,CK,2019-11-08 01:24:57,-21.21,-159.78,78.8,65,93,13.87,overcast clouds,0.0,0.0
159,Saldanha,PT,2019-11-08 01:24:58,41.42,-6.55,38.3,90,85,8.57,overcast clouds,0.0,0.0
160,Ribeira Grande,PT,2019-11-08 01:24:58,38.52,-28.7,62.6,78,67,2.75,broken clouds,0.0,0.0
161,Kisangani,CD,2019-11-08 01:24:58,0.52,25.21,70.25,98,100,1.77,overcast clouds,0.0,0.0
162,Illapel,CL,2019-11-08 01:24:58,-31.63,-71.17,56.86,49,0,2.39,clear sky,0.0,0.0
163,Barrow,AR,2019-11-08 01:24:58,-38.31,-60.23,46.96,74,56,6.46,broken clouds,0.0,0.0
164,Jining,CN,2019-11-08 01:24:59,35.41,116.58,49.95,57,67,7.63,broken clouds,0.0,0.0
165,Kaitangata,NZ,2019-11-08 01:24:59,-46.28,169.85,58.35,60,0,9.89,clear sky,0.0,0.0
166,East London,ZA,2019-11-08 01:24:59,-33.02,27.91,63.9,62,35,19.42,scattered clouds,0.0,0.0
167,Ughelli,NG,2019-11-08 01:24:59,5.49,6.0,76.03,96,81,2.64,broken clouds,0.0,0.0
168,Codrington,AU,2019-11-08 01:25:00,-28.95,153.24,96.8,9,0,14.99,clear sky,0.0,0.0
169,Ballina,IE,2019-11-08 01:25:00,54.11,-9.15,38.8,91,36,4.7,scattered clouds,0.0,0.0
170,Bastia,IT,2019-11-08 01:25:00,44.6,8.98,53.6,81,75,4.7,broken clouds,0.0,0.0
171,Cabo San Lucas,MX,2019-11-08 01:25:00,22.89,-109.91,80.6,74,90,4.7,overcast clouds,0.0,0.0
172,Neckargemund,DE,2019-11-08 01:25:01,49.39,8.79,38.82,94,100,2.24,overcast clouds,0.0,0.0
173,Bambous Virieux,MU,2019-11-08 01:25:01,-20.34,57.76,75.2,78,40,12.75,shower rain,0.0,0.0
174,Pisco,PE,2019-11-08 01:25:01,-13.71,-76.2,64.4,82,0,14.99,clear sky,0.0,0.0
175,Kabakovo,RU,2019-11-08 01:25:02,54.54,56.15,44.6,65,75,17.9,broken clouds,0.0,0.0
176,Fort-Shevchenko,KZ,2019-11-08 01:25:02,44.51,50.26,46.13,69,0,6.04,clear sky,0.0,0.0
177,Sitka,US,2019-11-08 01:25:02,37.17,-99.65,39.2,28,21,4.74,few clouds,0.0,0.0
178,Carnarvon,ZA,2019-11-08 01:25:02,-30.97,22.13,50.52,59,0,12.3,clear sky,0.0,0.0
179,Karasjok,NO,2019-11-08 01:25:03,69.47,25.52,17.6,92,73,4.7,broken clouds,0.0,0.0
180,Kahului,US,2019-11-08 01:25:03,20.89,-156.47,82.4,69,40,14.99,scattered clouds,0.0,0.0
181,Bubaque,GW,2019-11-08 01:25:03,11.28,-15.83,83.39,68,26,10.42,scattered clouds,0.0,0.0
182,Sao Filipe,CV,2019-11-08 01:25:03,14.9,-24.5,74.62,81,100,18.05,overcast clouds,0.0,0.0
183,Soubre,CI,2019-11-08 01:25:04,5.79,-6.61,72.61,99,84,1.57,broken clouds,0.0,0.0
184,Srandakan,ID,2019-11-08 01:25:04,-7.94,110.25,77.2,72,22,4.61,few clouds,0.0,0.0
185,Quelimane,MZ,2019-11-08 01:25:04,-17.88,36.89,78.8,78,1,9.17,clear sky,0.0,0.0
186,Hay River,CA,2019-11-08 01:25:04,60.82,-115.79,14.0,85,75,3.36,broken clouds,0.0,0.0
187,Paranhos,PY,2019-11-08 01:25:04,-23.89,-55.43,72.19,99,100,3.06,moderate rain,9.13,0.0
188,Split,HR,2019-11-08 01:20:25,43.51,16.44,57.2,62,65,8.05,broken clouds,0.0,0.0
189,Kuusamo,FI,2019-11-08 01:23:54,65.96,29.19,19.4,92,90,4.7,overcast clouds,0.0,0.0
190,Rio Gallegos,AR,2019-11-08 01:25:05,-51.62,-69.22,41.0,64,20,20.8,few clouds,0.0,0.0
191,Ilulissat,GL,2019-11-08 01:25:05,69.22,-51.1,30.2,36,54,14.99,broken clouds,0.0,0.0
192,Sinnamary,GF,2019-11-08 01:25:06,5.38,-52.96,82.27,82,52,15.66,broken clouds,0.0,0.0
193,Bundaberg,AU,2019-11-08 01:25:06,-24.87,152.35,87.8,35,0,14.99,clear sky,0.0,0.0
194,Castro,CL,2019-11-08 01:25:06,-42.48,-73.76,38.41,92,26,2.59,scattered clouds,0.0,0.0
195,Atar,MR,2019-11-08 01:25:06,20.52,-13.05,69.39,29,14,3.89,few clouds,0.0,0.0
196,Ponta Do Sol,BR,2019-11-08 01:25:06,-20.63,-46.0,72.27,84,90,1.05,light rain,2.38,0.0
197,Souillac,FR,2019-11-08 01:25:07,45.6,-0.6,46.4,87,55,20.8,light rain,1.94,0.0
198,Nikel,NO,2019-11-08 01:25:07,69.41,30.21,15.8,92,100,8.05,overcast clouds,0.0,0.0
199,Seydi,NE,2019-11-08 01:25:07,13.34,7.75,79.36,14,0,6.55,clear sky,0.0,0.0
200,Dunedin,NZ,2019-11-08 01:25:07,-45.87,170.5,61.02,54,0,10.54,clear sky,0.0,0.0
201,La Argentina,CO,2019-11-08 01:25:07,2.2,-75.98,60.4,95,42,2.08,light rain,0.19,0.0
202,Buraydah,SA,2019-11-08 01:25:07,26.33,43.97,66.2,52,15,2.24,few clouds,0.0,0.0
203,Bandarbeyla,SO,2019-11-08 01:25:08,9.49,50.81,80.6,67,0,7.05,clear sky,0.0,0.0
204,Barcelos,BR,2019-11-08 01:25:08,-0.97,-62.93,81.12,64,80,1.23,broken clouds,0.0,0.0
205,Vila Do Maio,CV,2019-11-08 01:25:08,15.13,-23.22,77.0,65,75,14.99,broken clouds,0.0,0.0
206,Hasaki,JP,2019-11-08 01:25:08,35.73,140.83,62.6,55,20,11.41,few clouds,0.0,0.0
207,Togur,RU,2019-11-08 01:25:09,58.36,82.83,36.61,96,100,10.2,light rain,2.06,0.0
208,Cidreira,BR,2019-11-08 01:25:09,-30.17,-50.22,68.86,86,33,13.89,scattered clouds,0.0,0.0
209,Hualmay,PE,2019-11-08 01:25:09,-11.1,-77.61,62.31,80,89,3.56,overcast clouds,0.0,0.0
210,Roros,NO,2019-11-08 01:25:10,62.57,11.38,10.4,100,100,3.36,overcast clouds,0.0,0.0
211,Yenagoa,NG,2019-11-08 01:25:10,4.92,6.26,76.66,94,100,2.53,light rain,0.13,0.0
212,Cherskiy,RU,2019-11-08 01:25:10,68.75,161.3,21.27,74,34,9.82,scattered clouds,0.0,0.0
213,Vardo,US,2019-11-08 01:25:10,39.62,-77.74,46.4,75,90,9.17,light rain,0.0,0.0
214,Pokrovsk,RU,2019-11-08 01:25:10,61.48,129.14,-10.16,94,96,4.72,overcast clouds,0.0,0.0
215,Shiyan,CN,2019-11-08 01:25:10,32.65,110.78,50.32,72,0,1.59,clear sky,0.0,0.0
216,Port Alfred,ZA,2019-11-08 01:25:11,-33.59,26.89,61.47,67,47,19.28,scattered clouds,0.0,0.0
217,Agadir,MA,2019-11-08 01:25:11,30.42,-9.58,53.6,81,17,4.7,few clouds,0.0,0.0
218,Tiarei,PF,2019-11-08 01:25:11,-17.53,-149.33,87.8,58,75,8.05,broken clouds,0.0,0.0
219,Tromso,NO,2019-11-08 01:25:12,69.65,18.96,12.2,85,0,10.29,clear sky,0.0,0.0
220,Beringovskiy,RU,2019-11-08 01:25:12,63.05,179.32,30.38,89,66,13.71,broken clouds,0.0,0.0
221,Kupang,ID,2019-11-08 01:25:12,-10.16,123.6,91.4,49,20,3.36,few clouds,0.0,0.0
222,San Rafael Del Sur,NI,2019-11-08 01:25:12,11.85,-86.44,80.6,78,40,4.7,scattered clouds,0.0,0.0
223,Kirakira,SB,2019-11-08 01:25:13,-10.46,161.92,81.82,79,100,4.14,light rain,2.38,0.0
224,Norrtalje,SE,2019-11-08 01:25:13,59.76,18.7,37.4,100,90,8.05,overcast clouds,0.0,0.0
225,Tambun,ID,2019-11-08 01:25:13,-6.26,107.07,80.6,69,20,5.82,few clouds,0.0,0.0
226,Bongandanga,CD,2019-11-08 01:25:13,1.51,21.07,70.65,94,3,1.72,clear sky,0.0,0.0
227,Mount Gambier,AU,2019-11-08 01:25:13,-37.83,140.78,51.8,81,75,12.75,light intensity shower rain,0.0,0.0
228,Tsybuliv,UA,2019-11-08 01:25:14,49.08,29.85,49.8,77,96,3.38,overcast clouds,0.0,0.0
229,Mount Pleasant,US,2019-11-08 01:20:26,33.16,-94.97,48.2,87,90,8.05,overcast clouds,0.0,0.0
230,Arawa,ID,2019-11-08 01:25:14,-3.93,119.75,86.61,59,90,3.8,overcast clouds,0.0,0.0
231,Ust-Maya,RU,2019-11-08 01:25:14,60.42,134.54,-8.22,93,95,5.41,overcast clouds,0.0,0.0
232,Nichinan,JP,2019-11-08 01:25:15,31.65,131.31,66.2,42,20,4.7,few clouds,0.0,0.0
233,Leavenworth,US,2019-11-08 01:21:39,47.6,-120.66,44.6,52,1,0.43,clear sky,0.0,0.0
234,Vila Velha,BR,2019-11-08 01:25:16,-3.71,-38.6,80.6,74,75,13.87,broken clouds,0.0,0.0
235,Vila,IT,2019-11-08 01:25:17,45.18,8.4,46.4,100,75,8.05,moderate rain,0.0,0.0
236,Caravelas,BR,2019-11-08 01:25:17,-17.73,-39.27,72.21,89,0,7.31,clear sky,0.0,0.0
237,Juba,EE,2019-11-08 01:25:17,57.82,26.93,33.8,99,90,4.7,mist,0.0,0.0
238,Villaviciosa,ES,2019-11-08 01:25:17,43.48,-5.43,42.8,93,75,16.11,heavy intensity rain,0.0,0.0
239,Tsuruga,JP,2019-11-08 01:25:18,35.64,136.07,50.45,72,16,7.49,few clouds,0.0,0.0
240,Kvarkeno,RU,2019-11-08 01:25:18,52.08,59.73,38.39,88,100,17.4,light rain,0.88,0.0
241,Gao,ML,2019-11-08 01:25:18,16.28,-0.04,82.4,17,9,2.44,clear sky,0.0,0.0
242,Sivas,TR,2019-11-08 01:25:18,39.75,37.01,39.2,60,0,11.41,clear sky,0.0,0.0
243,Saint George,GR,2019-11-08 01:25:18,39.45,22.34,62.6,72,75,6.93,light rain,0.0,0.0
244,Ierapetra,GR,2019-11-08 01:25:18,35.01,25.74,69.8,73,9,21.92,clear sky,0.0,0.0
245,Lenggries,DE,2019-11-08 01:25:19,47.68,11.58,41.0,86,99,4.7,overcast clouds,0.0,0.0
246,Yulara,AU,2019-11-08 01:25:19,-25.24,130.99,86.0,15,0,9.17,clear sky,0.0,0.0
247,Sydney,AU,2019-11-08 01:23:59,-33.85,151.22,84.2,17,0,23.04,clear sky,0.0,0.0
248,Sabha,LY,2019-11-08 01:25:19,27.03,14.43,68.29,42,0,9.73,clear sky,0.0,0.0
249,Itarema,BR,2019-11-08 01:25:20,-2.92,-39.92,78.66,75,50,10.54,scattered clouds,0.0,0.0
250,Morro Bay,US,2019-11-08 01:25:21,35.37,-120.85,73.4,87,1,3.27,mist,0.0,0.0
251,Talara,PE,2019-11-08 01:25:21,-4.58,-81.27,66.34,89,25,16.13,scattered clouds,0.0,0.0
252,Umm Lajj,SA,2019-11-08 01:25:22,25.02,37.27,71.35,76,0,1.25,clear sky,0.0,0.0
253,Beloha,MG,2019-11-08 01:25:22,-25.17,45.06,74.16,59,0,4.23,clear sky,0.0,0.0
254,Bela,PK,2019-11-08 01:25:23,26.23,66.31,69.76,16,0,5.59,clear sky,0.0,0.0
255,Sadovoye,RU,2019-11-08 01:25:23,47.78,44.52,54.37,65,61,8.97,broken clouds,0.0,0.0
256,Avera,US,2019-11-08 01:25:23,33.19,-82.53,68.0,87,90,3.71,mist,0.0,0.0
257,Makakilo City,US,2019-11-08 01:25:25,21.35,-158.09,84.2,62,75,10.29,broken clouds,0.0,0.0
258,Tairua,NZ,2019-11-08 01:25:25,-37.02,175.85,64.49,84,1,16.58,clear sky,0.0,0.0
259,Isangel,VU,2019-11-08 01:25:25,-19.55,169.27,80.6,69,20,16.11,few clouds,0.0,0.0
260,Shenjiamen,CN,2019-11-08 01:25:25,29.96,122.3,62.42,73,54,20.85,broken clouds,0.0,0.0
261,Verkhoyansk,RU,2019-11-08 01:25:25,67.55,133.39,-6.94,97,99,2.55,light snow,0.0,0.13
262,Tarko-Sale,RU,2019-11-08 01:25:26,64.92,77.78,1.0,97,84,11.01,broken clouds,0.0,0.0
263,Lompoc,US,2019-11-08 01:22:43,34.64,-120.46,60.8,67,1,4.7,clear sky,0.0,0.0
264,Pilar,AR,2019-11-08 01:25:26,-34.46,-58.91,66.2,55,0,18.34,clear sky,0.0,0.0
265,Lhokseumawe,ID,2019-11-08 01:25:27,5.18,97.15,71.24,89,100,2.06,overcast clouds,0.0,0.0
266,Luderitz,NA,2019-11-08 01:25:27,-26.65,15.16,59.0,67,46,14.99,scattered clouds,0.0,0.0
267,Salalah,OM,2019-11-08 01:25:27,17.01,54.1,75.2,47,27,4.7,scattered clouds,0.0,0.0
268,Collie,AU,2019-11-08 01:25:27,-33.36,116.15,56.26,68,37,11.54,scattered clouds,0.0,0.0
269,Chokurdakh,RU,2019-11-08 01:25:27,70.62,147.9,0.7,96,94,8.08,overcast clouds,0.0,0.0
270,Muravlenko,RU,2019-11-08 01:25:28,63.79,74.5,-0.57,97,94,14.16,overcast clouds,0.0,0.0
271,Laguna,BZ,2019-11-08 01:25:28,16.17,-88.94,78.8,88,40,1.39,scattered clouds,0.0,0.0
272,Husavik,CA,2019-11-08 01:25:28,50.56,-96.99,13.77,80,65,8.16,broken clouds,0.0,0.0
273,Broome,GB,2019-11-08 01:25:29,52.47,1.45,37.4,93,1,4.7,clear sky,0.0,0.0
274,Arlit,NE,2019-11-08 01:25:29,18.74,7.39,83.5,13,0,6.02,clear sky,0.0,0.0
275,Santa Cruz De La Palma,ES,2019-11-08 01:25:29,28.68,-17.76,69.8,77,75,19.46,broken clouds,0.0,0.0
276,Breves,BR,2019-11-08 01:25:30,-1.68,-50.48,79.66,71,50,3.29,scattered clouds,0.0,0.0
277,Merauke,ID,2019-11-08 01:25:30,-8.49,140.4,84.58,65,100,4.72,overcast clouds,0.0,0.0
278,Petropavlovsk-Kamchatskiy,RU,2019-11-08 01:25:30,53.05,158.65,39.2,93,90,22.37,light intensity shower rain,0.0,0.0
279,Tres Picos,MX,2019-11-08 01:25:30,16.23,-93.58,72.41,81,6,6.33,clear sky,0.0,0.0
280,Pacific Grove,US,2019-11-08 01:21:34,36.62,-121.92,68.0,71,90,6.93,overcast clouds,0.0,0.0
281,Jalingo,NG,2019-11-08 01:25:31,10.3,10.93,74.23,31,44,2.51,scattered clouds,0.0,0.0
282,Hambantota,LK,2019-11-08 01:25:31,6.12,81.12,75.2,100,40,2.24,scattered clouds,0.0,0.0
283,Rome,IT,2019-11-08 01:23:35,41.89,12.48,57.2,71,0,8.05,clear sky,0.0,0.0
284,Fortuna,US,2019-11-08 01:25:32,40.6,-124.16,50.0,93,1,3.36,clear sky,0.0,0.0
285,Srednekolymsk,RU,2019-11-08 01:25:32,67.46,153.71,-0.08,94,45,3.62,scattered clouds,0.0,0.0
286,Mount Isa,AU,2019-11-08 01:25:32,-20.73,139.49,95.0,8,0,11.41,clear sky,0.0,0.0
287,Sept-Iles,CA,2019-11-08 01:23:02,50.2,-66.38,21.2,67,20,5.82,few clouds,0.0,0.0
288,Kimbe,PG,2019-11-08 01:25:32,-5.56,150.15,81.81,84,100,1.81,light rain,0.69,0.0
289,Ust-Charyshskaya Pristan,RU,2019-11-08 01:21:35,52.39,83.67,35.98,54,91,24.58,overcast clouds,0.0,0.0
290,Vasilyevo,RU,2019-11-08 01:25:33,55.84,48.68,32.0,79,75,8.95,broken clouds,0.0,0.0
291,Esmeralda,CL,2019-11-08 01:25:33,-34.33,-70.9,64.62,50,85,7.07,overcast clouds,0.0,0.0
292,Leningradskiy,RU,2019-11-08 01:25:33,69.38,178.42,19.99,86,52,19.04,broken clouds,0.0,0.0
293,Kahuta,PK,2019-11-08 01:25:34,33.59,73.39,50.0,93,20,4.7,haze,0.0,0.0
294,Smolenka,PL,2019-11-08 01:25:34,54.15,22.76,40.53,93,41,2.86,scattered clouds,0.0,0.0
295,Oriximina,BR,2019-11-08 01:25:34,-1.77,-55.87,86.52,54,24,4.97,few clouds,0.0,0.0
296,Amnat Charoen,TH,2019-11-08 01:25:34,15.86,104.63,70.16,74,85,17.18,overcast clouds,0.0,0.0
297,Georgiyevka,RU,2019-11-08 01:25:35,52.25,40.45,49.32,81,100,10.29,light rain,0.44,0.0
298,Bonthe,SL,2019-11-08 01:25:35,7.53,-12.5,79.18,87,100,4.56,light rain,1.44,0.0
299,Coracao De Maria,BR,2019-11-08 01:25:35,-15.26,-39.35,80.6,74,15,6.93,few clouds,0.0,0.0
300,Montego Bay,JM,2019-11-08 01:21:48,18.47,-77.92,82.4,78,20,5.82,few clouds,0.0,0.0
301,Vinces,EC,2019-11-08 01:25:35,-1.56,-79.75,77.0,78,56,12.75,broken clouds,0.0,0.0
302,Lakselv,NO,2019-11-08 01:25:36,70.05,24.96,17.6,92,23,4.7,few clouds,0.0,0.0
303,Corinto,CO,2019-11-08 01:25:36,3.17,-76.26,77.0,69,40,11.41,scattered clouds,0.0,0.0
304,Tsabong,BW,2019-11-08 01:25:36,-26.02,22.4,67.75,12,19,13.42,few clouds,0.0,0.0
305,Gondanglegi,ID,2019-11-08 01:25:37,-7.75,112.01,78.01,74,10,7.14,clear sky,0.0,0.0
306,Nawa,IN,2019-11-08 01:25:37,27.02,75.0,67.77,74,29,1.54,scattered clouds,0.0,0.0
307,Vryburg,ZA,2019-11-08 01:25:37,-26.96,24.73,66.2,12,92,12.73,overcast clouds,0.0,0.0
308,Georgetown,GY,2019-11-08 01:25:37,6.8,-58.16,80.6,88,75,6.93,broken clouds,0.0,0.0
309,Rocha,UY,2019-11-08 01:25:38,-34.48,-54.34,59.29,97,0,6.31,clear sky,0.0,0.0
310,Biak,ID,2019-11-08 01:25:38,-0.91,122.88,81.1,69,50,3.31,scattered clouds,0.0,0.0
311,Norman,US,2019-11-08 01:25:38,35.22,-97.44,35.6,69,1,8.05,clear sky,0.0,0.0
312,Puerto Escondido,MX,2019-11-08 01:25:39,15.86,-97.07,84.2,70,40,3.36,scattered clouds,0.0,0.0
313,Cicuco,CO,2019-11-08 01:25:39,9.28,-74.64,80.98,78,36,2.37,scattered clouds,0.0,0.0
314,Hajnowka,PL,2019-11-08 01:25:39,52.74,23.58,42.66,94,47,2.62,scattered clouds,0.0,0.0
315,San Carlos De Bariloche,AR,2019-11-08 01:25:39,-41.13,-71.31,48.2,49,4,5.41,clear sky,0.0,0.0
316,Kondinskoye,RU,2019-11-08 01:25:40,59.65,67.41,20.35,93,100,16.67,snow,0.0,2.69
317,Norman Wells,CA,2019-11-08 01:25:40,65.28,-126.83,12.2,78,75,12.75,light snow,0.0,0.0
318,Laurel,US,2019-11-08 01:25:40,39.1,-76.85,53.6,93,90,3.36,light rain,0.0,0.0
319,Doka,SD,2019-11-08 01:25:40,13.52,35.76,78.12,54,0,4.32,clear sky,0.0,0.0
320,Shimoni,KE,2019-11-08 01:25:40,-4.65,39.38,76.86,80,72,3.47,broken clouds,0.0,0.0
321,Tura,RU,2019-11-08 01:25:41,64.27,100.22,3.07,96,100,3.6,light snow,0.0,0.69
322,Visby,SE,2019-11-08 01:25:41,57.64,18.3,37.4,100,65,2.24,broken clouds,0.0,0.0
323,Orlik,PL,2019-11-08 01:25:42,53.95,17.74,39.2,100,58,5.82,mist,0.0,0.0
324,Muzhi,RU,2019-11-08 01:25:42,65.4,64.7,1.09,87,0,6.2,clear sky,0.0,0.0
325,Batemans Bay,AU,2019-11-08 01:25:42,-35.71,150.18,67.5,34,29,12.8,scattered clouds,0.0,0.0
326,Honningsvag,NO,2019-11-08 01:25:42,70.98,25.97,30.16,78,71,8.41,light snow,0.0,0.25
327,Xai-Xai,MZ,2019-11-08 01:25:42,-25.04,33.64,75.16,87,62,13.49,broken clouds,0.0,0.0
328,Sangamner,IN,2019-11-08 01:25:43,19.57,74.2,64.69,95,22,0.6,few clouds,0.0,0.0
329,Houston,US,2019-11-08 01:22:27,29.76,-95.37,64.4,93,90,18.34,moderate rain,0.0,0.0
330,Iquique,CL,2019-11-08 01:25:43,-20.22,-70.14,52.81,73,0,1.45,clear sky,0.0,0.0
331,Kyzyl-Suu,KG,2019-11-08 01:25:44,42.34,78.0,35.82,46,0,6.76,clear sky,0.0,0.0
332,Kunya,NG,2019-11-08 01:25:44,12.22,8.53,77.74,21,0,2.75,clear sky,0.0,0.0
333,Kawalu,ID,2019-11-08 01:25:44,-7.38,108.21,72.43,82,37,0.98,scattered clouds,0.0,0.0
334,Taoudenni,ML,2019-11-08 01:25:44,22.68,-3.98,68.97,21,48,1.9,scattered clouds,0.0,0.0
335,Stokmarknes,NO,2019-11-08 01:25:44,68.56,14.91,26.74,68,0,4.54,clear sky,0.0,0.0
336,Loreto,PY,2019-11-08 01:25:45,-23.27,-57.32,79.47,74,88,5.64,overcast clouds,0.0,0.0
337,Upernavik,GL,2019-11-08 01:25:45,72.79,-56.15,9.9,66,2,6.44,clear sky,0.0,0.0
338,Haines Junction,CA,2019-11-08 01:25:45,60.75,-137.51,33.33,99,100,3.44,overcast clouds,0.0,0.0
339,Zhaotong,CN,2019-11-08 01:25:46,27.34,103.71,45.86,95,100,2.95,overcast clouds,0.0,0.0
340,Roshchino,RU,2019-11-08 01:25:46,55.31,61.27,48.2,61,40,26.84,scattered clouds,0.0,0.0
341,Hami,CN,2019-11-08 01:25:46,42.84,93.51,40.86,54,91,11.99,overcast clouds,0.0,0.0
342,Barra Patuca,HN,2019-11-08 01:25:46,15.8,-84.28,83.23,79,9,12.03,light rain,1.75,0.0
343,Tuy Hoa,VN,2019-11-08 01:25:46,13.08,109.3,78.75,74,100,22.26,light rain,0.44,0.0
344,Ozernovskiy,RU,2019-11-08 01:25:47,51.5,156.52,41.61,92,100,21.97,moderate rain,11.37,0.0
345,Sechura,PE,2019-11-08 01:25:47,-5.56,-80.82,65.62,84,17,13.2,few clouds,0.0,0.0
346,Villa Hayes,PY,2019-11-08 01:25:47,-25.09,-57.53,77.0,88,66,3.58,broken clouds,0.0,0.0
347,Gurupi,BR,2019-11-08 01:25:47,-11.73,-49.07,81.16,61,47,4.43,scattered clouds,0.0,0.0
348,Tilichiki,RU,2019-11-08 01:25:48,60.47,166.1,25.02,71,100,5.93,overcast clouds,0.0,0.0
349,Ankang,CN,2019-11-08 01:25:48,32.73,108.99,49.35,82,51,1.72,broken clouds,0.0,0.0
350,Muddebihal,IN,2019-11-08 01:25:49,16.33,76.13,71.2,82,31,7.11,scattered clouds,0.0,0.0
351,Dunmore Town,BS,2019-11-08 01:25:49,25.5,-76.65,79.52,83,0,13.69,clear sky,0.0,0.0
352,Shitanjing,CN,2019-11-08 01:25:49,39.23,106.34,42.94,63,0,2.21,clear sky,0.0,0.0
353,Cabedelo,BR,2019-11-08 01:25:49,-6.97,-34.84,77.0,83,40,8.05,scattered clouds,0.0,0.0
354,Tomohon,ID,2019-11-08 01:25:49,1.33,124.84,89.6,55,20,2.24,few clouds,0.0,0.0
355,Baft,IR,2019-11-08 01:25:50,29.23,56.61,44.24,49,0,1.43,clear sky,0.0,0.0
356,Maniwaki,CA,2019-11-08 01:25:50,46.38,-75.98,24.33,67,98,6.38,overcast clouds,0.0,0.0
357,Mombetsu,JP,2019-11-08 01:25:50,44.35,143.35,35.6,59,75,11.41,broken clouds,0.0,0.0
358,Kirkwood,ZA,2019-11-08 01:25:51,-33.4,25.44,59.0,93,90,16.11,light rain,0.0,0.0
359,Maningrida,AU,2019-11-08 01:25:51,-12.05,134.23,87.17,49,27,6.49,scattered clouds,0.0,0.0
360,Aklavik,CA,2019-11-08 01:25:51,68.22,-135.01,17.6,85,90,4.7,light snow,0.0,0.0
361,General Pico,AR,2019-11-08 01:25:51,-35.66,-63.75,69.22,25,0,8.08,clear sky,0.0,0.0
362,Hobyo,SO,2019-11-08 01:25:51,5.35,48.53,79.25,80,19,6.31,few clouds,0.0,0.0
363,Saskylakh,RU,2019-11-08 01:25:52,71.97,114.09,-24.76,98,1,5.17,clear sky,0.0,0.0
364,Oktyabrskoye,RU,2019-11-08 01:25:52,56.73,85.44,35.6,80,75,22.37,broken clouds,0.0,0.0
365,Esperance,AU,2019-11-08 01:25:52,-33.86,121.89,59.0,77,90,11.41,overcast clouds,0.0,0.0
366,Soyo,AO,2019-11-08 01:25:52,-6.13,12.37,78.85,84,99,1.57,overcast clouds,0.0,0.0
367,Esik,KZ,2019-11-08 01:25:53,43.36,77.47,24.8,92,20,11.3,mist,0.0,0.0
368,Panaba,MX,2019-11-08 01:25:53,21.28,-88.27,78.57,84,12,6.73,few clouds,0.0,0.0
369,Nabire,ID,2019-11-08 01:25:53,-3.36,135.5,86.36,61,100,0.54,overcast clouds,0.0,0.0
370,Golpayegan,IR,2019-11-08 01:25:54,33.46,50.29,44.6,56,0,1.92,clear sky,0.0,0.0
371,Poso,ID,2019-11-08 01:25:54,-1.4,120.75,75.27,55,79,2.19,broken clouds,0.0,0.0
372,Cimitarra,CO,2019-11-08 01:25:54,6.31,-73.95,79.52,80,79,2.44,broken clouds,0.0,0.0
373,Yeppoon,AU,2019-11-08 01:25:55,-23.13,150.74,93.2,23,0,12.75,clear sky,0.0,0.0
374,Acapulco,MX,2019-11-08 01:22:52,16.86,-99.88,84.2,79,5,8.05,clear sky,0.0,0.0
375,Dakar,SN,2019-11-08 01:25:55,14.69,-17.45,75.2,73,25,17.22,scattered clouds,0.0,0.0
376,Clarence Town,AU,2019-11-08 01:25:55,-32.59,151.78,86.0,19,0,27.51,clear sky,0.0,0.0
377,Wad Rawah,SD,2019-11-08 01:25:55,15.16,33.13,83.41,20,0,11.97,clear sky,0.0,0.0
378,Lypova Dolyna,UA,2019-11-08 01:25:56,50.56,33.8,48.38,81,100,10.13,light rain,0.25,0.0
379,Slave Lake,CA,2019-11-08 01:23:04,55.28,-114.77,32.83,76,100,3.36,overcast clouds,0.0,0.0
380,Egvekinot,RU,2019-11-08 01:25:56,66.32,-179.17,15.04,93,49,12.06,scattered clouds,0.0,0.0
381,Bereda,ES,2019-11-08 01:25:57,43.27,-7.54,48.2,87,40,12.75,light rain,0.0,0.0
382,Santo Domingo,DO,2019-11-08 01:23:20,18.48,-69.94,77.0,88,40,4.7,scattered clouds,0.0,0.0
383,Tiznit,MA,2019-11-08 01:25:57,29.7,-9.73,59.49,42,14,3.8,few clouds,0.0,0.0
384,Mahuva,IN,2019-11-08 01:25:57,21.09,71.76,80.4,78,0,10.4,light rain,1.44,0.0
385,Nouadhibou,MR,2019-11-08 01:25:57,20.93,-17.03,64.4,88,74,13.87,broken clouds,0.0,0.0
386,Turukhansk,RU,2019-11-08 01:25:58,65.8,87.96,12.9,96,96,5.14,light snow,0.0,0.37
387,Taywarah,AF,2019-11-08 01:25:58,33.35,64.42,28.31,27,0,4.47,clear sky,0.0,0.0
388,Chicama,PE,2019-11-08 01:25:58,-7.84,-79.15,62.6,82,75,6.93,broken clouds,0.0,0.0
389,Payo,ID,2019-11-08 01:25:59,-3.75,103.64,73.44,70,73,2.08,broken clouds,0.0,0.0
390,Padang,ID,2019-11-08 01:25:59,-0.92,100.36,68.0,83,78,2.48,broken clouds,0.0,0.0
391,Luanda,AO,2019-11-08 01:25:59,-8.83,13.24,78.8,83,75,8.05,broken clouds,0.0,0.0
392,Saint Anthony,US,2019-11-08 01:25:59,43.97,-111.68,39.2,48,1,1.54,clear sky,0.0,0.0
393,Buala,SB,2019-11-08 01:25:59,-8.15,159.59,85.05,66,100,1.83,overcast clouds,0.0,0.0
394,Sabang,PH,2019-11-08 01:25:59,13.8,121.11,77.52,87,89,2.86,overcast clouds,0.0,0.0
395,Fredericton,CA,2019-11-08 01:26:00,45.97,-66.65,32.0,98,90,3.36,light snow,0.0,0.0
396,Margate,AU,2019-11-08 01:26:00,-43.03,147.26,48.2,66,75,23.04,light intensity shower rain,0.0,0.0
397,Puerto Colombia,CO,2019-11-08 01:26:00,10.99,-74.96,82.4,88,40,8.05,scattered clouds,0.0,0.0
398,Kaniama,CD,2019-11-08 01:26:00,-7.57,24.18,66.51,96,100,2.06,overcast clouds,0.0,0.0
399,Bangolo,CI,2019-11-08 01:26:01,7.01,-7.49,71.71,97,37,0.16,light rain,0.19,0.0
400,Dekar,BW,2019-11-08 01:26:01,-21.53,21.93,74.41,44,61,7.81,broken clouds,0.0,0.0
401,Santa Rosa,AR,2019-11-08 01:26:01,-36.62,-64.29,65.25,24,6,10.29,clear sky,0.0,0.0
402,Ola,RU,2019-11-08 01:26:01,59.58,151.3,35.08,79,100,23.13,overcast clouds,0.0,0.0
403,Onzaga,CO,2019-11-08 01:26:01,6.34,-72.82,63.27,90,97,1.61,moderate rain,5.88,0.0
404,Ulcinj,ME,2019-11-08 01:26:02,41.93,19.22,57.2,100,90,5.82,moderate rain,0.0,0.0
405,Lagoa,PT,2019-11-08 01:26:02,37.14,-8.45,55.4,71,0,9.17,clear sky,0.0,0.0
406,Sao Jose Da Coroa Grande,BR,2019-11-08 01:26:02,-8.9,-35.15,79.99,72,99,13.49,light rain,0.19,0.0
407,Pimampiro,EC,2019-11-08 01:26:02,0.39,-77.94,55.26,77,11,8.46,few clouds,0.0,0.0
408,Hermitage,US,2019-11-08 01:26:03,41.23,-80.45,33.8,78,90,4.7,light rain,0.0,0.0
409,San Quintin,PH,2019-11-08 01:26:03,17.54,120.52,77.56,89,100,5.08,light rain,1.0,0.0
410,Santa Cruz,BR,2019-11-08 01:26:03,-6.22,-36.02,73.11,80,77,9.98,broken clouds,0.0,0.0
411,Katherine,AU,2019-11-08 01:26:04,-14.47,132.26,95.0,36,12,5.82,few clouds,0.0,0.0
412,Hingatungan,PH,2019-11-08 01:26:04,10.58,125.19,80.71,69,8,3.31,clear sky,0.0,0.0
413,Tombouctou,ML,2019-11-08 01:22:36,16.77,-3.01,84.76,17,21,10.16,few clouds,0.0,0.0
414,Juneau,US,2019-11-08 01:26:05,58.3,-134.42,42.8,87,90,2.04,light rain,0.0,0.0
415,Vao,EE,2019-11-08 01:26:05,59.1,26.19,32.09,97,100,3.8,overcast clouds,0.0,0.0
416,Mattoon,US,2019-11-08 01:22:34,39.48,-88.38,32.0,63,1,10.29,clear sky,0.0,0.0
417,Atambua,ID,2019-11-08 01:26:06,-9.11,124.89,83.73,56,0,2.64,clear sky,0.0,0.0
418,Lewisporte,CA,2019-11-08 01:26:06,49.25,-55.06,32.0,64,20,14.99,few clouds,0.0,0.0
419,Klaksvik,FO,2019-11-08 01:26:06,62.23,-6.59,30.2,68,32,3.36,scattered clouds,0.0,0.0
420,Akcakoca,TR,2019-11-08 01:26:06,41.09,31.12,59.67,53,27,3.96,scattered clouds,0.0,0.0
421,Bilgram,IN,2019-11-08 01:26:07,27.17,80.03,70.66,43,72,1.88,broken clouds,0.0,0.0
422,Murgab,TM,2019-11-08 01:26:07,37.5,61.97,37.4,48,0,5.3,clear sky,0.0,0.0
423,Brylivka,UA,2019-11-08 01:26:07,46.42,33.15,57.65,92,100,7.85,overcast clouds,0.0,0.0
424,Aykhal,RU,2019-11-08 01:26:07,65.95,111.51,-16.61,82,0,2.24,clear sky,0.0,0.0
425,Troitskoye,RU,2019-11-08 01:26:08,52.98,84.68,35.22,53,85,15.41,overcast clouds,0.0,0.0
426,Monte Santo,BR,2019-11-08 01:26:08,-10.44,-39.33,75.29,66,0,11.45,clear sky,0.0,0.0
427,Esso,RU,2019-11-08 01:26:08,55.93,158.7,19.96,96,100,9.26,overcast clouds,0.0,0.0
428,College,US,2019-11-08 01:26:08,64.86,-147.8,26.6,92,90,3.36,mist,0.0,0.0
429,Tyukalinsk,RU,2019-11-08 01:26:08,55.87,72.2,37.6,91,100,17.9,light rain,1.25,0.0
430,Gharghoda,IN,2019-11-08 01:26:09,22.18,83.36,62.37,64,100,3.33,overcast clouds,0.0,0.0
431,Robertsport,LR,2019-11-08 01:26:09,6.75,-11.37,82.45,76,47,6.87,scattered clouds,0.0,0.0
432,Katsuura,JP,2019-11-08 01:26:09,33.93,134.5,60.8,55,75,17.22,broken clouds,0.0,0.0
433,Havoysund,NO,2019-11-08 01:26:10,71.0,24.66,17.6,72,17,2.24,few clouds,0.0,0.0
434,Nome,US,2019-11-08 01:26:10,30.04,-94.42,66.2,100,75,3.36,light intensity drizzle,0.0,0.0
435,Mabai,CN,2019-11-08 01:26:10,23.01,104.4,56.52,96,90,2.33,light rain,0.19,0.0
436,Aljezur,PT,2019-11-08 01:26:10,37.31,-8.8,62.2,63,22,24.94,few clouds,0.0,0.0
437,Tautira,PF,2019-11-08 01:26:11,-17.73,-149.15,87.8,58,75,8.05,broken clouds,0.0,0.0
438,Hamilton,CA,2019-11-08 01:25:58,43.26,-79.87,32.0,92,75,4.7,light snow,0.0,0.0
439,Harper,US,2019-11-08 01:26:11,30.3,-99.24,42.8,93,90,10.29,overcast clouds,0.0,0.0
440,Sibu,MY,2019-11-08 01:22:53,2.29,111.83,80.6,78,75,5.82,broken clouds,0.0,0.0
441,Neya,RU,2019-11-08 01:26:12,58.29,43.89,17.89,91,98,3.98,overcast clouds,0.0,0.0
442,Millington,US,2019-11-08 01:26:12,35.34,-89.9,41.0,86,90,14.99,overcast clouds,0.0,0.0
443,Ilheus,BR,2019-11-08 01:22:59,-14.79,-39.05,80.6,74,7,6.93,clear sky,0.0,0.0
444,Sao Joao Da Barra,BR,2019-11-08 01:26:13,-21.64,-41.05,74.14,88,70,7.27,light rain,0.75,0.0
445,Vila Franca Do Campo,PT,2019-11-08 01:26:13,37.72,-25.43,59.0,82,20,4.7,few clouds,0.0,0.0
446,Kassala,SD,2019-11-08 01:26:13,15.45,36.38,83.44,50,12,7.36,few clouds,0.0,0.0
447,Rawson,AR,2019-11-08 01:26:13,-43.3,-65.11,51.4,64,36,23.53,scattered clouds,0.0,0.0
448,Sarmakovo,RU,2019-11-08 01:26:14,43.74,43.19,46.4,49,3,4.47,clear sky,0.0,0.0
449,Dongying,CN,2019-11-08 01:26:14,37.43,118.67,46.26,48,0,4.79,clear sky,0.0,0.0
450,Botngard,NO,2019-11-08 01:26:14,63.77,9.81,21.2,92,40,6.93,shower rain,0.0,0.0
451,Otradnoye,RU,2019-11-08 01:26:15,59.77,30.8,24.8,92,75,8.95,broken clouds,0.0,0.0
452,Astoria,US,2019-11-08 01:26:15,46.19,-123.83,55.4,62,1,3.36,clear sky,0.0,0.0
453,Chegutu,ZW,2019-11-08 01:26:15,-18.13,30.15,72.32,36,39,3.74,scattered clouds,0.0,0.0
454,Kpandu,GH,2019-11-08 01:26:15,7.0,0.29,72.7,97,32,2.62,scattered clouds,0.0,0.0
455,Malangali,TZ,2019-11-08 01:26:16,-8.57,34.85,61.16,85,60,13.89,broken clouds,0.0,0.0
456,Deputatskiy,RU,2019-11-08 01:26:16,69.3,139.9,-4.01,94,100,3.06,overcast clouds,0.0,0.0
457,Senanga,ZM,2019-11-08 01:26:16,-16.1,23.3,75.02,48,36,4.63,scattered clouds,0.0,0.0
458,Kannur,IN,2019-11-08 01:26:17,11.88,75.37,75.2,94,40,3.36,mist,0.0,0.0
459,Monroe,US,2019-11-08 01:26:17,41.91,-83.4,33.8,46,40,8.05,scattered clouds,0.0,0.0
460,Puerto Madryn,AR,2019-11-08 01:26:18,-42.77,-65.04,56.34,34,46,19.19,scattered clouds,0.0,0.0
461,Poum,MK,2019-11-08 01:26:18,41.28,20.71,48.85,93,100,2.68,moderate rain,4.38,0.0
462,Mbandaka,CD,2019-11-08 01:26:18,0.05,18.26,71.67,85,24,1.74,few clouds,0.0,0.0
463,Nekrasovka,RU,2019-11-08 01:26:19,48.35,135.23,19.4,44,85,15.66,overcast clouds,0.0,0.0
464,Ouallam,NE,2019-11-08 01:26:19,14.32,2.08,85.87,19,0,4.9,clear sky,0.0,0.0
465,Ulaanbaatar,MN,2019-11-08 01:26:19,47.92,106.92,15.8,85,0,2.24,clear sky,0.0,0.0
466,Chacabuco,AR,2019-11-08 01:26:19,-34.64,-60.47,67.77,54,0,10.4,clear sky,0.0,0.0
467,Ferkessedougou,CI,2019-11-08 01:26:20,9.6,-5.2,76.55,72,13,4.5,few clouds,0.0,0.0
468,Faya,SA,2019-11-08 01:26:20,18.39,42.45,57.2,93,34,4.18,scattered clouds,0.0,0.0
469,Lazaro Cardenas,MX,2019-11-08 01:26:21,28.39,-105.62,62.6,82,90,8.05,overcast clouds,0.0,0.0
470,Rincon,PA,2019-11-08 01:26:21,8.46,-82.28,78.8,94,40,1.45,scattered clouds,0.0,0.0
471,Rafai,CF,2019-11-08 01:26:22,4.95,23.92,67.69,97,94,1.07,overcast clouds,0.0,0.0
472,Gerede,TR,2019-11-08 01:26:22,40.8,32.2,51.66,52,57,5.57,broken clouds,0.0,0.0
473,Fare,PF,2019-11-08 01:26:22,-16.7,-151.02,80.46,81,24,18.16,light rain,1.69,0.0
474,Popondetta,PG,2019-11-08 01:26:23,-8.77,148.24,74.5,77,100,4.47,light rain,1.25,0.0
475,Coihaique,CL,2019-11-08 01:26:23,-45.58,-72.07,34.18,84,100,7.43,overcast clouds,0.0,0.0
476,Knokke-Heist,BE,2019-11-08 01:26:24,51.33,3.33,44.6,81,18,16.11,few clouds,0.0,0.0
477,Comodoro Rivadavia,AR,2019-11-08 01:24:00,-45.87,-67.48,59.0,62,70,9.17,broken clouds,0.0,0.0
478,Polson,US,2019-11-08 01:26:24,47.69,-114.16,28.4,74,1,1.25,clear sky,0.0,0.0
479,Sault Sainte Marie,CA,2019-11-08 01:26:25,46.49,-84.36,24.8,73,40,4.7,scattered clouds,0.0,0.0
480,Visnes,NO,2019-11-08 01:26:25,59.36,5.22,28.4,86,14,4.7,few clouds,0.0,0.0
481,Effingham,US,2019-11-08 01:26:27,39.12,-88.54,32.0,49,1,6.93,clear sky,0.0,0.0
482,Oranjemund,ZA,2019-11-08 01:26:27,-28.55,16.43,57.11,78,61,13.85,broken clouds,0.0,0.0
483,Weihe,CN,2019-11-08 01:26:27,32.99,105.33,46.24,98,100,3.47,light rain,0.5,0.0
484,Neiafu,TO,2019-11-08 01:26:28,-18.65,-173.98,80.6,69,20,8.05,few clouds,0.0,0.0
485,Xuanzhou,CN,2019-11-08 01:26:28,30.95,118.78,55.11,79,0,5.26,clear sky,0.0,0.0
486,Santa Marta,CO,2019-11-08 01:26:28,11.24,-74.21,84.2,79,40,3.36,scattered clouds,0.0,0.0
487,Tamandare,BR,2019-11-08 01:26:29,-8.28,-70.75,74.26,93,99,1.86,overcast clouds,0.0,0.0
488,Altay,CN,2019-11-08 01:26:29,47.83,88.13,12.07,81,69,3.18,broken clouds,0.0,0.0
489,Karachi,PK,2019-11-08 01:25:02,24.87,67.03,62.6,45,0,6.93,haze,0.0,0.0
490,Krasnyy Yar,RU,2019-11-08 01:26:29,50.7,44.73,50.67,90,99,5.21,overcast clouds,0.0,0.0
491,Praxedis Guerrero,MX,2019-11-08 01:26:29,31.37,-106.02,55.4,54,90,10.29,overcast clouds,0.0,0.0
492,Varca,IN,2019-11-08 01:26:30,15.22,73.92,75.2,88,20,4.7,few clouds,0.0,0.0
493,Garelochhead,GB,2019-11-08 01:26:30,56.08,-4.83,39.2,91,4,11.41,clear sky,0.0,0.0
494,Saint-Leu,RE,2019-11-08 01:26:30,-21.15,55.28,73.4,60,83,6.93,broken clouds,0.0,0.0
495,Khandyga,RU,2019-11-08 01:26:31,62.65,135.58,-10.81,97,100,0.76,overcast clouds,0.0,0.0
496,Ericeira,PT,2019-11-08 01:26:31,38.96,-9.42,57.2,81,20,5.82,few clouds,0.0,0.0
497,Charlottetown,CA,2019-11-08 01:26:31,46.23,-63.13,37.4,100,90,5.82,light rain,0.0,0.0
498,Sambava,MG,2019-11-08 01:26:31,-14.27,50.17,71.26,89,97,2.53,overcast clouds,0.0,0.0
499,Jalu,LY,2019-11-08 01:26:32,29.03,21.55,66.79,54,0,8.1,clear sky,0.0,0.0
500,Tupik,RU,2019-11-08 01:26:32,54.43,119.94,-4.62,88,0,0.63,clear sky,0.0,0.0
501,Dingle,PH,2019-11-08 01:26:32,11.0,122.67,79.77,84,5,12.91,clear sky,0.0,0.0
502,Tabuk,PH,2019-11-08 01:26:33,17.41,121.44,77.11,89,58,4.05,broken clouds,0.0,0.0
503,Nhamunda,BR,2019-11-08 01:26:33,-2.19,-56.71,84.7,50,43,1.25,scattered clouds,0.0,0.0
504,Namatanai,PG,2019-11-08 01:26:33,-3.66,152.44,82.51,74,100,6.33,light rain,0.5,0.0
505,Sanmenxia,CN,2019-11-08 01:26:33,34.77,111.19,47.95,80,0,3.13,clear sky,0.0,0.0
506,Mosquera,CO,2019-11-08 01:26:34,4.71,-74.23,57.2,87,20,3.36,few clouds,0.0,0.0
507,Pithiviers,FR,2019-11-08 01:26:34,48.17,2.25,39.2,100,20,10.29,few clouds,0.0,0.0
508,Saint-Augustin,CA,2019-11-08 01:26:34,45.63,-73.98,30.2,79,40,5.82,scattered clouds,0.0,0.0
509,Nortelandia,BR,2019-11-08 01:26:34,-14.45,-56.8,75.69,82,90,3.71,light rain,0.69,0.0
510,Coquimbo,CL,2019-11-08 01:26:35,-29.95,-71.34,57.97,88,0,12.66,clear sky,0.0,0.0
511,Tshikapa,CD,2019-11-08 01:26:35,-6.42,20.79,70.12,96,100,1.16,moderate rain,3.94,0.0
512,Sosva,RU,2019-11-08 01:26:35,59.17,61.86,21.63,90,100,12.8,light snow,0.0,0.5
513,Pangody,RU,2019-11-08 01:26:35,65.85,74.49,5.95,94,93,13.47,overcast clouds,0.0,0.0
514,Maniitsoq,GL,2019-11-08 01:26:35,65.42,-52.9,37.51,44,93,21.81,overcast clouds,0.0,0.0
515,Bathsheba,BB,2019-11-08 01:26:36,13.22,-59.52,82.4,74,75,21.92,broken clouds,0.0,0.0
516,Oxford,US,2019-11-08 01:22:34,33.61,-85.83,62.6,87,90,9.17,moderate rain,0.0,0.0
517,Indian Head,CA,2019-11-08 01:24:34,50.53,-103.67,6.08,87,21,6.49,few clouds,0.0,0.0
518,Ust-Abakan,RU,2019-11-08 01:26:37,53.84,91.38,32.0,81,64,8.95,broken clouds,0.0,0.0
519,Birin,NP,2019-11-08 01:26:37,26.89,88.07,53.02,74,88,5.28,overcast clouds,0.0,0.0
520,Sola,TZ,2019-11-08 01:26:37,-3.17,33.8,69.64,73,100,5.61,light rain,0.81,0.0
521,Svetlogorsk,RU,2019-11-08 01:26:37,53.14,59.15,44.6,93,90,13.42,overcast clouds,0.0,0.0
522,Saint-Pierre,FR,2019-11-08 01:26:37,48.95,4.24,37.4,93,1,10.29,clear sky,0.0,0.0
523,Wanaka,NZ,2019-11-08 01:26:39,-44.7,169.14,52.65,51,16,11.05,few clouds,0.0,0.0
524,Chernyshevsk,RU,2019-11-08 01:26:39,52.51,117.01,15.44,80,63,2.21,broken clouds,0.0,0.0
525,Natchez,US,2019-11-08 01:26:39,31.56,-91.4,64.4,93,90,9.17,overcast clouds,0.0,0.0
526,Tual,ID,2019-11-08 01:26:39,-5.67,132.75,82.49,71,92,0.76,light rain,0.19,0.0
527,Amalapuram,IN,2019-11-08 01:26:39,16.58,82.0,75.2,83,20,2.86,mist,0.0,0.0
528,Wagar,US,2019-11-08 01:26:40,31.44,-87.99,68.43,96,91,4.5,moderate rain,3.81,0.0
529,Saint-Francois,FR,2019-11-08 01:26:40,46.42,3.91,35.6,93,11,2.24,few clouds,0.0,0.0
530,Tigil,RU,2019-11-08 01:26:40,57.8,158.67,35.92,60,14,12.21,few clouds,0.0,0.0
531,Bilma,NE,2019-11-08 01:26:40,18.69,12.92,74.39,19,0,4.52,clear sky,0.0,0.0
532,Little Current,CA,2019-11-08 01:26:40,45.98,-81.93,28.4,68,90,8.05,overcast clouds,0.0,0.0
533,Latung,ID,2019-11-08 01:26:40,-8.45,120.42,80.78,58,40,1.5,scattered clouds,0.0,0.0
534,Port Hardy,CA,2019-11-08 01:26:41,50.7,-127.42,50.0,76,75,11.41,broken clouds,0.0,0.0
535,Half Moon Bay,US,2019-11-08 01:26:41,37.46,-122.43,66.2,87,90,3.36,mist,0.0,0.0
536,Eyrarbakki,IS,2019-11-08 01:26:41,63.86,-21.15,37.4,69,89,12.75,overcast clouds,0.0,0.0
537,Synya,RU,2019-11-08 01:26:41,65.37,58.04,-0.03,98,95,2.71,overcast clouds,0.0,0.0
538,Tynda,RU,2019-11-08 01:26:42,55.15,124.74,-8.58,93,0,2.86,clear sky,0.0,0.0
539,Anjangaon,IN,2019-11-08 01:26:42,21.16,77.31,71.26,90,50,4.85,light rain,0.19,0.0
